setting,model,runs,accuracy_mean,accuracy_std,macro_f1_mean,macro_f1_std,fit_predict_ms_per_sequence_mean,readout_parameters
in_distribution,adaptive_decay,8,0.7952777777777778,0.021182263136995973,0.7948719488816363,0.020925983294428466,0.0012868522187798387,322
in_distribution,fixed_multi_scale,8,0.6411111111111111,0.033902547338649676,0.6405312861957493,0.03363239814646472,0.0014019791787076327,322
in_distribution,fixed_single_scale,8,0.5972222222222222,0.03452946496280073,0.595403305918671,0.03421230406866519,0.0013327319498380853,322
in_distribution,summary_features,8,0.4966666666666667,0.02182986967154279,0.4821147825291374,0.029080085497739893,0.0003091900402473079,26
time_gap_shift,adaptive_decay,8,0.7827777777777778,0.020570565090637354,0.7823731691170387,0.020559673410077618,0.0012737150407499736,322
time_gap_shift,fixed_multi_scale,8,0.6525,0.01692166045613115,0.6508803244290292,0.01639103530628982,0.00132979220426124,322
time_gap_shift,fixed_single_scale,8,0.5922222222222222,0.023227272178185404,0.5907320774476119,0.02233759236857766,0.0013683444639253947,322
time_gap_shift,summary_features,8,0.5033333333333334,0.0164804410824348,0.46487865479987,0.025682969458081333,0.00027456029783934355,26
